agent_i,agent_j,synergy,redundancy,unique_i,unique_j,mutual_info,n_observations
economic,intelligence,0.0,0.0,0.04096193714273366,0.0,0.04096193714273366,18
economic,military,0.01342077356816973,0.00457184055603066,0.036390096586703446,0.11953946929043768,0.17392218000134152,18
intelligence,military,0.0,0.0,0.0,0.12411123821024272,0.12411123821024272,18
