agent_i,agent_j,synergy,redundancy,unique_i,unique_j,mutual_info,n_observations
diplomatic,economic,0.0,0.0,0.2476011563504652,0.0,0.2476011563504652,18
diplomatic,intelligence,0.0,0.0,0.2476011563504652,0.0,0.2476011563504652,18
diplomatic,military,0.12437469006856516,0.05478177787240224,0.19281937847806252,0.10443763569654863,0.47641348211557855,18
economic,intelligence,0.0,0.0,0.0,0.0,0.0,18
economic,military,0.0,0.0,0.0,0.15921870741854072,0.15921870741854072,18
intelligence,military,0.0,0.0,0.0,0.15921870741854072,0.15921870741854072,18
