agent_i,agent_j,synergy,redundancy,unique_i,unique_j,mutual_info,n_observations
economic,intelligence,0.0,0.0,0.0526796769693032,0.0,0.0526796769693032,50
economic,military,0.0020707534446877673,0.0002526961021318552,0.05242698086717157,0.009247967068198415,0.0639983974821896,50
intelligence,military,0.0,0.0,0.0,0.009501103082581563,0.009501103082581563,50
