agent_i,agent_j,synergy,redundancy,unique_i,unique_j,mutual_info,n_observations
diplomatic,economic,0.07636014034189365,0.008415019939477242,0.030114402640035065,0.006355016227596932,0.12124457914900288,50
diplomatic,intelligence,0.0013403376688856383,0.0007770654179504177,0.03775235716156189,0.008016280547764598,0.04788604079616254,50
diplomatic,military,0.06029180077477947,0.005532072596664994,0.03299734998284709,0.014754027245983625,0.11357525060027518,50
economic,intelligence,-8.955776894747913e-06,0.00037772425673665566,0.01439090048065883,0.008420972357332523,0.02318064131783326,50
economic,military,0.04560517370782757,0.0017126302163001927,0.013055994521095293,0.018575206710701675,0.07894900515592473,50
intelligence,military,2.160053051980526e-07,0.001175353865606077,0.007615699149256638,0.019105406224269483,0.027896675244437397,50
