{
  "period": 1,
  "mean_probability": 0.17249999999999993,
  "median_probability": 0.15,
  "std_probability": 0.041457809879442496,
  "n_successful": 100,
  "success_rate": 1.0
}