{
  "period": 3,
  "mean_probability": 0.15649999999999997,
  "median_probability": 0.15,
  "std_probability": 0.039783790669065205,
  "n_successful": 100,
  "success_rate": 1.0
}