{
  "period": 9,
  "mean_probability": 0.3374000000000001,
  "median_probability": 0.35,
  "std_probability": 0.11493145783465902,
  "n_successful": 100,
  "success_rate": 1.0
}