{
  "period": 6,
  "mean_probability": 0.12050000000000001,
  "median_probability": 0.15,
  "std_probability": 0.0430668085652977,
  "n_successful": 100,
  "success_rate": 1.0
}