{
  "period": 4,
  "mean_probability": 0.12399999999999999,
  "median_probability": 0.15,
  "std_probability": 0.03839270764090493,
  "n_successful": 100,
  "success_rate": 1.0
}