mean_probability,median_probability,std_probability,min_probability,max_probability,n_groups,n_agents,success_rate,mean_convergence,period
0.15810000000000002,0.15,0.024308229059312406,0.08,0.2,10,50,1.0,0.003100000000000003,1
0.11470000000000002,0.1,0.0300567796012813,0.05,0.15,10,50,1.0,0.006500000000000003,2
0.15560000000000002,0.15,0.032751183184733954,0.08,0.25,10,50,1.0,0.012599999999999991,3
