{
  "mean_probability": 0.15560000000000002,
  "median_probability": 0.15,
  "std_probability": 0.032751183184733954,
  "min_probability": 0.08,
  "max_probability": 0.25,
  "n_groups": 10,
  "n_agents": 50,
  "success_rate": 1.0,
  "mean_convergence": 0.012599999999999991,
  "period": 3
}