{
  "mean_probability": 0.15810000000000002,
  "median_probability": 0.15,
  "std_probability": 0.024308229059312406,
  "min_probability": 0.08,
  "max_probability": 0.2,
  "n_groups": 10,
  "n_agents": 50,
  "success_rate": 1.0,
  "mean_convergence": 0.003100000000000003,
  "period": 1
}