{
  "mean_probability": 0.11470000000000002,
  "median_probability": 0.1,
  "std_probability": 0.0300567796012813,
  "min_probability": 0.05,
  "max_probability": 0.15,
  "n_groups": 10,
  "n_agents": 50,
  "success_rate": 1.0,
  "mean_convergence": 0.006500000000000003,
  "period": 2
}