{
  "condition": "generic_debate",
  "n_agents": 50,
  "n_groups": 10,
  "group_size": 5,
  "model": "deepseek/deepseek-v3.2",
  "total_forecasts": 300,
  "successful_forecasts": 296,
  "success_rate": 0.9866666666666667,
  "periods": [
    1,
    2,
    3
  ],
  "mean_probabilities": [
    0.15810000000000002,
    0.11470000000000002,
    0.15560000000000002
  ],
  "convergence": [
    0.003100000000000003,
    0.006500000000000003,
    0.012599999999999991
  ],
  "timestamp": "2026-02-10T15:24:42.582587"
}