agent_i,agent_j,synergy,redundancy,unique_i,unique_j,mutual_info,n_observations
economic,intelligence,0.053801542952335524,0.000330484641534845,4.00122601718067e-09,0.09010792302338366,0.14423995461848005,25
economic,military,0.049804700464737284,0.00033048856996975573,7.279066238652376e-11,0.07089391159804004,0.12102910070553774,25
intelligence,military,0.029159050330063163,0.058847358333912414,0.031593477566710604,0.012379808929519953,0.13197969516020613,25
