agent_i,agent_j,synergy,redundancy,unique_i,unique_j,mutual_info,n_observations
diplomatic,economic,0.06727092356595432,0.029120816180415066,0.036675903801051124,0.01793513993160789,0.1510027834790284,25
diplomatic,intelligence,-2.162725510457264e-06,0.01454515580466098,0.05125156417680521,0.05380851677268961,0.11960307402864534,25
diplomatic,military,0.11036630138727177,0.0458026364330002,0.01999408354846599,0.0020739053509502003,0.17823692671968816,25
economic,intelligence,0.00024642467156410497,0.0051331061308208525,0.04192353174385266,0.06322292618306169,0.11052598872929931,25
economic,military,0.17468942417553657,0.025774366651284186,0.021282271223389326,0.022102892395192475,0.24384895444540255,25
intelligence,military,0.005955353554148335,0.014446960878250037,0.053904606380293485,0.03342865847605703,0.10773557928874888,25
