agent_i,agent_j,synergy,redundancy,unique_i,unique_j,mutual_info,n_observations
economic,intelligence,0.0,0.0,0.14269027946047563,0.0,0.14269027946047563,9
economic,military,0.05446983534270311,0.05881346699964274,0.0838768124608329,0.36056766393614037,0.5577277787393191,9
intelligence,military,0.0,0.0,0.0,0.419381945646371,0.419381945646371,9
