agent_i,agent_j,synergy,redundancy,unique_i,unique_j,mutual_info,n_observations
diplomatic,economic,0.0,0.0,0.4738513896100458,0.0,0.4738513896100458,9
diplomatic,intelligence,0.0,0.0,0.4738513896100458,0.0,0.4738513896100458,9
diplomatic,military,4.440892098500626e-16,8.881784197001252e-16,0.47385138961004425,0.47385138961004425,0.9477027792200898,9
economic,intelligence,0.0,0.0,0.0,0.0,0.0,9
economic,military,0.0,0.0,0.0,0.47385138961004514,0.47385138961004514,9
intelligence,military,0.0,0.0,0.0,0.47385138961004514,0.47385138961004514,9
