agent_i,agent_j,synergy,redundancy,unique_i,unique_j,mutual_info,n_observations
economic,intelligence,0.03858016733980807,0.0,0.2332020542386457,2.1344481737628485e-11,0.27178222159979826,16
economic,military,0.03858041612792107,0.015808230922147226,0.21739357454972397,6.217248937900877e-15,0.2717822215997985,16
intelligence,military,0.32493722091296307,0.0,8.693046282814976e-13,0.01580769117098102,0.3407449120848134,16
