agent_i,agent_j,synergy,redundancy,unique_i,unique_j,mutual_info,n_observations
diplomatic,economic,0.10754362267289364,0.006683789088162806,0.0,0.22651750032375695,0.3407449120848134,16
diplomatic,intelligence,0.0,0.0,0.006683789088162806,0.0,0.006683789088162806,16
diplomatic,military,0.013926859490361876,0.006683789088162362,4.440892098500626e-16,0.1070149176177222,0.12762556619624688,16
economic,intelligence,0.0,0.0,0.2332018054718712,0.0,0.2332018054718712,16
economic,military,-1.6050264894929e-07,0.0751192805934735,0.1580825248783977,0.038580576630576235,0.2717822215997985,16
intelligence,military,0.0,0.0,0.0,0.11369940828849767,0.11369940828849767,16
