mean_probability,median_probability,std_probability,min_probability,max_probability,weighted_probability,n_forecasts,n_successful,success_rate,period
0.15999999999999998,0.15,0.030000000000000002,0.15,0.25,0.15555555555555556,10,10,1.0,1
0.13999999999999999,0.15,0.019999999999999997,0.1,0.15,0.13888888888888887,10,10,1.0,2
0.14999999999999997,0.15,2.7755575615628914e-17,0.15,0.15,0.14999999999999997,10,10,1.0,3
