{
  "mean_probability": 0.13999999999999999,
  "median_probability": 0.15,
  "std_probability": 0.019999999999999997,
  "min_probability": 0.1,
  "max_probability": 0.15,
  "weighted_probability": 0.14062499999999997,
  "n_forecasts": 10,
  "n_successful": 10,
  "success_rate": 1.0,
  "period": 5
}