{
  "mean_probability": 0.14999999999999997,
  "median_probability": 0.15,
  "std_probability": 2.7755575615628914e-17,
  "min_probability": 0.15,
  "max_probability": 0.15,
  "weighted_probability": 0.14999999999999997,
  "n_forecasts": 10,
  "n_successful": 10,
  "success_rate": 1.0,
  "period": 3
}