{
  "mean_probability": 0.16499999999999998,
  "median_probability": 0.15,
  "std_probability": 0.03201562118716425,
  "min_probability": 0.15,
  "max_probability": 0.25,
  "weighted_probability": 0.1657894736842105,
  "n_forecasts": 10,
  "n_successful": 10,
  "success_rate": 1.0,
  "period": 7
}