{
  "mean_probability": 0.15499999999999997,
  "median_probability": 0.15,
  "std_probability": 0.015000000000000006,
  "min_probability": 0.15,
  "max_probability": 0.2,
  "weighted_probability": 0.15666666666666665,
  "n_forecasts": 10,
  "n_successful": 10,
  "success_rate": 1.0,
  "period": 10
}