{
  "mean_probability": 0.11000000000000001,
  "median_probability": 0.125,
  "std_probability": 0.043588989435406726,
  "min_probability": 0.05,
  "max_probability": 0.15,
  "weighted_probability": 0.11388888888888887,
  "n_forecasts": 10,
  "n_successful": 10,
  "success_rate": 1.0,
  "period": 9
}