{
  "mean_probability": 0.15999999999999998,
  "median_probability": 0.15,
  "std_probability": 0.030000000000000002,
  "min_probability": 0.15,
  "max_probability": 0.25,
  "weighted_probability": 0.15555555555555556,
  "n_forecasts": 10,
  "n_successful": 10,
  "success_rate": 1.0,
  "period": 1
}