{
  "condition": "generic_independent",
  "n_agents": 10,
  "model": "deepseek/deepseek-v3.2",
  "total_forecasts": 30,
  "successful_forecasts": 30,
  "success_rate": 1.0,
  "periods": [
    1,
    2,
    3
  ],
  "mean_probabilities": [
    0.15999999999999998,
    0.13999999999999999,
    0.14999999999999997
  ],
  "median_probabilities": [
    0.15,
    0.15,
    0.15
  ],
  "timestamp": "2026-02-10T15:18:45.712154"
}