agent_i,agent_j,synergy,redundancy,unique_i,unique_j,mutual_info,n_observations
economic,intelligence,0.1184977646073595,0.04932393458165385,0.030438446612267578,0.008717999640340812,0.20697814544162174,50
economic,military,0.1149246559974153,0.03481598544853881,0.04494639574538262,2.930988785010413e-14,0.19468703719136604,50
intelligence,military,0.011309213088788406,0.031209650547433077,0.02683336132755132,0.003606173775763555,0.07295839873953636,50
