{
  "mean_probability": 0.15299999999999997,
  "median_probability": 0.15,
  "std_probability": 0.019773719933285187,
  "min_probability": 0.1,
  "max_probability": 0.25,
  "weighted_probability": 0.1530612244897959,
  "n_forecasts": 100,
  "n_successful": 100,
  "success_rate": 1.0,
  "period": 8
}