{
  "mean_probability": 0.12200000000000001,
  "median_probability": 0.15,
  "std_probability": 0.04202380277890139,
  "min_probability": 0.05,
  "max_probability": 0.15,
  "weighted_probability": 0.12233502538071067,
  "n_forecasts": 100,
  "n_successful": 100,
  "success_rate": 1.0,
  "period": 4
}