{
  "mean_probability": 0.16999999999999993,
  "median_probability": 0.15,
  "std_probability": 0.0469041575982343,
  "min_probability": 0.05,
  "max_probability": 0.35,
  "weighted_probability": 0.170360824742268,
  "n_forecasts": 100,
  "n_successful": 100,
  "success_rate": 1.0,
  "period": 10
}