{
  "mean_probability": 0.12030000000000002,
  "median_probability": 0.15,
  "std_probability": 0.04566081471020858,
  "min_probability": 0.02,
  "max_probability": 0.25,
  "weighted_probability": 0.12065656565656566,
  "n_forecasts": 100,
  "n_successful": 100,
  "success_rate": 1.0,
  "period": 9
}