{
  "mean_probability": 0.16149999999999995,
  "median_probability": 0.15,
  "std_probability": 0.037983549070617406,
  "min_probability": 0.05,
  "max_probability": 0.3,
  "weighted_probability": 0.16155778894472358,
  "n_forecasts": 100,
  "n_successful": 100,
  "success_rate": 1.0,
  "period": 7
}