{
  "mean_probability": 0.15529999999999997,
  "median_probability": 0.15,
  "std_probability": 0.03494152257701429,
  "min_probability": 0.05,
  "max_probability": 0.25,
  "weighted_probability": 0.1565079365079365,
  "n_forecasts": 100,
  "n_successful": 100,
  "success_rate": 1.0,
  "period": 3
}