{
  "mean_probability": 0.17149999999999996,
  "median_probability": 0.15,
  "std_probability": 0.043734997427689416,
  "min_probability": 0.1,
  "max_probability": 0.35,
  "weighted_probability": 0.1711055276381909,
  "n_forecasts": 100,
  "n_successful": 100,
  "success_rate": 1.0,
  "period": 1
}