{
  "mean_probability": 0.14549999999999996,
  "median_probability": 0.15,
  "std_probability": 0.029236107812087433,
  "min_probability": 0.05,
  "max_probability": 0.25,
  "weighted_probability": 0.14547738693467335,
  "n_forecasts": 100,
  "n_successful": 100,
  "success_rate": 1.0,
  "period": 5
}