{
  "condition": "personalized_independent",
  "n_agents": 100,
  "model": "deepseek/deepseek-v3.2",
  "random_seed": 42,
  "total_forecasts": 1000,
  "successful_forecasts": 1000,
  "success_rate": 1.0,
  "periods": [
    1,
    2,
    3,
    4,
    5,
    6,
    7,
    8,
    9,
    10
  ],
  "mean_probabilities": [
    0.17149999999999996,
    0.1263,
    0.15529999999999997,
    0.12200000000000001,
    0.14549999999999996,
    0.1215,
    0.16149999999999995,
    0.15299999999999997,
    0.12030000000000002,
    0.16999999999999993
  ],
  "std_probabilities": [
    0.043734997427689416,
    0.04227658926640132,
    0.03494152257701429,
    0.04202380277890139,
    0.029236107812087433,
    0.04015905875391005,
    0.037983549070617406,
    0.019773719933285187,
    0.04566081471020858,
    0.0469041575982343
  ],
  "timestamp": "2026-02-10T15:54:47.610246"
}