agent_i,agent_j,synergy,redundancy,unique_i,unique_j,mutual_info,n_observations
economic,intelligence,0.09740553687315212,0.00516265318682585,0.11121699621251491,5.691118909467718e-09,0.2137851919636118,50
economic,military,0.0750945628454005,0.0036635541257337145,0.11271609527360704,0.008518008837619107,0.19999222108236037,50
intelligence,military,0.0616811256301113,7.256002920286164e-06,0.005154731043564009,0.012170725700420881,0.07901383837701648,50
