agent_i,agent_j,synergy,redundancy,unique_i,unique_j,mutual_info,n_observations
diplomatic,economic,0.1723820905015363,0.03538147426155325,0.005569025166533237,0.07795172873727108,0.29128431866689386,50
diplomatic,intelligence,0.003554247026927859,0.0017729514408109104,0.039177547987275574,0.029931029123990927,0.07443577557900527,50
diplomatic,military,0.11648182201272439,0.028190921782254463,0.012759577645832465,0.06165588615387474,0.21908820759468606,50
economic,intelligence,0.007872586830741213,0.008798055648541858,0.104540014757037,0.022905431121277076,0.14411608835759715,50
economic,military,0.08301027648304826,0.05548804523227302,0.05785002517330584,0.03435962292419159,0.23070796981281871,50
intelligence,military,2.5109414569790545e-07,0.005957338604199336,0.025745837912505953,0.08388845234438014,0.11559187995523112,50
