scenario_id,condition,sharding_strategy,n_agents,duration_seconds,ensemble_probability,ground_truth_probability,squared_error,probability_mean,probability_std,probability_min,probability_max,fallback_count,fallback_rate
scenario_001,domain_shard,none,10,28.342369079589844,0.16699999999999998,0.677,0.2601,0.16699999999999998,0.05814636704042653,0.08,0.25,0,0.0
scenario_002,domain_shard,none,10,38.655489444732666,0.18,0.519,0.11492100000000001,0.18,0.045825756949558406,0.15,0.25,0,0.0
scenario_003,domain_shard,none,10,29.43262219429016,0.16899999999999998,0.575,0.16483599999999998,0.16899999999999998,0.09544108130150245,0.08,0.35,0,0.0
scenario_004,domain_shard,none,10,22.78583264350891,0.191,0.6055,0.17181025000000003,0.191,0.0738173421358423,0.08,0.35,0,0.0
scenario_005,domain_shard,none,10,25.335888385772705,0.26,0.653,0.154449,0.26,0.1932873508535931,0.12,0.8,0,0.0
scenario_006,domain_shard,none,10,24.694519758224487,0.15999999999999998,0.4595,0.08970025000000002,0.15999999999999998,0.021908902300206645,0.15,0.22,0,0.0
scenario_007,domain_shard,none,10,47.236557483673096,0.148,0.6185,0.22137025000000002,0.148,0.03187475490101845,0.1,0.2,0,0.0
scenario_008,domain_shard,none,10,38.47914695739746,0.13,0.6145,0.23474025000000004,0.13,0.03687817782917154,0.05,0.18,0,0.0
