mean_probability,median_probability,weighted_probability,std_probability,min_probability,max_probability,n_groups,n_agents,success_rate,mean_convergence,period
0.16809999999999994,0.15,0.16809999999999994,0.0230518979695816,0.15,0.22,20,100,1.0,0.004300000000000003,1
0.13799999999999998,0.15,0.13834170854271355,0.025514701644346147,0.07,0.2,20,100,1.0,0.008600000000000003,2
0.15649999999999997,0.15,0.15649999999999997,0.017909494688572322,0.1,0.2,20,100,1.0,0.004499999999999997,3
