{
  "mean_probability": 0.13799999999999998,
  "median_probability": 0.15,
  "weighted_probability": 0.13834170854271355,
  "std_probability": 0.025514701644346147,
  "min_probability": 0.07,
  "max_probability": 0.2,
  "n_groups": 20,
  "n_agents": 100,
  "success_rate": 1.0,
  "mean_convergence": 0.008600000000000003,
  "period": 2
}