{
  "mean_probability": 0.16809999999999994,
  "median_probability": 0.15,
  "weighted_probability": 0.16809999999999994,
  "std_probability": 0.0230518979695816,
  "min_probability": 0.15,
  "max_probability": 0.22,
  "n_groups": 20,
  "n_agents": 100,
  "success_rate": 1.0,
  "mean_convergence": 0.004300000000000003,
  "period": 1
}