{
  "mean_probability": 0.15649999999999997,
  "median_probability": 0.15,
  "weighted_probability": 0.15649999999999997,
  "std_probability": 0.017909494688572322,
  "min_probability": 0.1,
  "max_probability": 0.2,
  "n_groups": 20,
  "n_agents": 100,
  "success_rate": 1.0,
  "mean_convergence": 0.004499999999999997,
  "period": 3
}