{
  "condition": "personalized_debate",
  "n_agents": 100,
  "n_groups": 20,
  "group_size": 5,
  "model": "deepseek/deepseek-v3.2",
  "random_seed": 42,
  "total_forecasts": 600,
  "successful_forecasts": 600,
  "success_rate": 1.0,
  "periods": [
    1,
    2,
    3
  ],
  "mean_probabilities": [
    0.16809999999999994,
    0.13799999999999998,
    0.15649999999999997
  ],
  "convergence": [
    0.004300000000000003,
    0.008600000000000003,
    0.004499999999999997
  ],
  "timestamp": "2026-02-10T15:35:22.156884"
}