scenario_id,condition,sharding_strategy,n_agents,duration_seconds,ensemble_probability,ground_truth_probability,squared_error,probability_mean,probability_std,probability_min,probability_max,fallback_count,fallback_rate
scenario_001,framework_baseline,none,10,21.45720362663269,0.502,0.677,0.030625000000000017,0.502,0.27704873217540626,0.14,0.85,0,0.0
scenario_001,framework_shard,shard_everything,10,21.1957106590271,0.31599999999999995,0.677,0.13032100000000008,0.31599999999999995,0.2377057003944163,0.12,0.82,0,0.0
scenario_002,framework_baseline,none,10,20.359044075012207,0.3675,0.519,0.022952250000000007,0.3675,0.2692884141585003,0.12,0.85,0,0.0
scenario_002,framework_shard,shard_everything,10,23.19323492050171,0.231,0.519,0.08294400000000002,0.231,0.09104394543296111,0.12,0.42,0,0.0
scenario_003,framework_baseline,none,10,28.013110637664795,0.389,0.575,0.03459599999999998,0.389,0.19856736892047497,0.12,0.81,0,0.0
scenario_003,framework_shard,shard_everything,10,25.77776074409485,0.342,0.575,0.05428899999999997,0.342,0.2817374664470453,0.08,0.94,0,0.0
