scenario_id,condition,sharding_strategy,n_agents,duration_seconds,ensemble_probability,ground_truth_probability,squared_error,probability_mean,probability_std,probability_min,probability_max,fallback_count,fallback_rate
scenario_001,framework_baseline,none,10,4.935797691345215,0.47400000000000003,0.677,0.041209,0.47400000000000003,0.2943874997346185,0.12,0.92,0,0.0
scenario_001,framework_shard,shard_everything,10,5.119272708892822,0.513,0.677,0.02689600000000001,0.513,0.2893458138629276,0.08,0.82,0,0.0
scenario_002,framework_baseline,none,10,9.174756050109863,0.382,0.519,0.018769000000000004,0.382,0.27733733971465147,0.08,0.82,0,0.0
scenario_002,framework_shard,shard_everything,10,8.72368597984314,0.344,0.519,0.030625000000000017,0.344,0.28111207729302556,0.04,0.82,0,0.0
scenario_003,framework_baseline,none,10,7.248470067977905,0.41800000000000004,0.575,0.024648999999999973,0.41800000000000004,0.19868568141665366,0.12,0.82,1,0.1
scenario_003,framework_shard,shard_everything,10,5.07031512260437,0.44799999999999995,0.575,0.016129,0.44799999999999995,0.32177010426700614,0.12,0.94,0,0.0
