scenario_id,condition,sharding_strategy,n_agents,duration_seconds,ensemble_probability,ground_truth_probability,squared_error,probability_mean,probability_std,probability_min,probability_max,fallback_count,fallback_rate
scenario_001,framework_baseline,none,10,26.262394428253174,0.286,0.677,0.15288100000000004,0.286,0.12563439019631528,0.15,0.5,1,0.1
scenario_001,framework_shard,shard_everything,10,42.8068904876709,0.296,0.677,0.14516100000000004,0.296,0.18569868066305695,0.12,0.68,1,0.1
scenario_002,framework_baseline,none,10,54.48619508743286,0.238,0.519,0.07896100000000002,0.238,0.106,0.12,0.5,1,0.1
scenario_002,framework_shard,shard_everything,10,42.79616141319275,0.28200000000000003,0.519,0.056169,0.28200000000000003,0.18037738217415175,0.08,0.72,1,0.1
scenario_003,framework_baseline,none,10,26.32855463027954,0.231,0.575,0.11833599999999998,0.231,0.15135719342006843,0.12,0.65,0,0.0
scenario_003,framework_shard,shard_everything,10,33.3429057598114,0.30600000000000005,0.575,0.07236099999999995,0.30600000000000005,0.2005592181875468,0.12,0.85,0,0.0
