scenario_id,condition,sharding_strategy,n_agents,duration_seconds,ensemble_probability,ground_truth_probability,squared_error,probability_mean,probability_std,probability_min,probability_max,fallback_count,fallback_rate
scenario_001,framework_baseline,none,10,24.229408740997314,0.277,0.677,0.16000000000000003,0.277,0.1440867794074113,0.12,0.62,0,0.0
scenario_001,framework_shard,shard_everything,10,24.177263975143433,0.242,0.677,0.18922500000000006,0.242,0.1596746692496966,0.05,0.62,0,0.0
scenario_002,framework_baseline,none,10,28.80874729156494,0.3005,0.519,0.047742250000000014,0.3005,0.1815,0.15,0.65,0,0.0
scenario_002,framework_shard,shard_everything,10,26.76037311553955,0.248,0.519,0.073441,0.248,0.1531535177526132,0.12,0.65,0,0.0
scenario_003,framework_baseline,none,10,27.17646884918213,0.341,0.575,0.054755999999999964,0.341,0.2728167883397208,0.08,0.85,0,0.0
scenario_003,framework_shard,shard_everything,10,25.145045518875122,0.28200000000000003,0.575,0.08584899999999995,0.28200000000000003,0.21231109250342994,0.12,0.7,0,0.0
