scenario_id,condition,sharding_strategy,n_agents,duration_seconds,ensemble_probability,ground_truth_probability,squared_error,probability_mean,probability_std,probability_min,probability_max,fallback_count,fallback_rate
scenario_001,framework_baseline,none,10,48.915876626968384,0.479,0.677,0.039204000000000024,0.479,0.12995768542106312,0.12,0.67,8,0.8
scenario_001,framework_shard,shard_everything,10,108.84315371513367,0.43099999999999994,0.677,0.060516000000000056,0.43099999999999994,0.217046078057172,0.08,0.76,5,0.5
scenario_002,framework_baseline,none,10,61.96179008483887,0.457,0.519,0.0038439999999999998,0.457,0.12899999999999998,0.07,0.5,9,0.9
scenario_002,framework_shard,shard_everything,10,26.190515518188477,0.446,0.519,0.005329000000000001,0.446,0.108,0.23,0.5,8,0.8
scenario_003,framework_baseline,none,10,105.21745252609253,0.37,0.575,0.042024999999999986,0.37,0.2026820169625317,0.08,0.73,4,0.4
scenario_003,framework_shard,shard_everything,10,50.470324754714966,0.45999999999999996,0.575,0.013224999999999997,0.45999999999999996,0.09633275663033837,0.18,0.5,8,0.8
