scenario_id,condition,sharding_strategy,n_agents,duration_seconds,ensemble_probability,ground_truth_probability,squared_error,probability_mean,probability_std,probability_min,probability_max,fallback_count,fallback_rate
scenario_001,framework_baseline,none,10,23.784594297409058,0.536,0.677,0.019881000000000003,0.536,0.2772075035059477,0.13,0.82,0,0.0
scenario_001,framework_shard,shard_everything,10,34.67039346694946,0.44800000000000006,0.677,0.052440999999999995,0.44800000000000006,0.27143323304267664,0.12,0.85,0,0.0
scenario_002,framework_baseline,none,10,29.52738904953003,0.39699999999999996,0.519,0.014884000000000014,0.39699999999999996,0.27122131184698595,0.12,0.82,0,0.0
scenario_002,framework_shard,shard_everything,10,19.4747531414032,0.32700000000000007,0.519,0.03686399999999998,0.32700000000000007,0.23477861912874434,0.12,0.82,0,0.0
scenario_003,framework_baseline,none,10,24.587942361831665,0.43600000000000005,0.575,0.019320999999999974,0.43600000000000005,0.2397999165971498,0.12,0.82,0,0.0
scenario_003,framework_shard,shard_everything,10,19.003052473068237,0.332,0.575,0.05904899999999997,0.332,0.253527118865024,0.12,0.85,0,0.0
